"Country or Area","Subgroup","Year","Source","Unit","Value","Value Footnotes"
"Afghanistan","Total <18 yr","2011","UN_United Nations Population Division","Thousand","17219",""
"Afghanistan","Total <5 yr","2011","UN_United Nations Population Division","Thousand","5686",""
"Afghanistan","Total","2011","UN_United Nations Population Division","Thousand","32358",""
"Afghanistan","Total 10-19 yr","2011","UN_United Nations Population Division","Thousand","8015",""
"Afghanistan","Total 10-19 yr","2011","UN_United Nations Population Division","Percent","25",""
"Albania","Total <18 yr","2011","UN_United Nations Population Division","Thousand","877",""
"Albania","Total <5 yr","2011","UN_United Nations Population Division","Thousand","203",""
"Albania","Total","2011","UN_United Nations Population Division","Thousand","3216",""
"Albania","Total 10-19 yr","2011","UN_United Nations Population Division","Thousand","551",""
"Albania","Total 10-19 yr","2011","UN_United Nations Population Division","Percent","17",""
"Algeria","Total <18 yr","2011","UN_United Nations Population Division","Thousand","11641",""
"Algeria","Total <5 yr","2011","UN_United Nations Population Division","Thousand","3464",""
"Algeria","Total","2011","UN_United Nations Population Division","Thousand","35980",""
"Algeria","Total 10-19 yr","2011","UN_United Nations Population Division","Thousand","6425",""
"Algeria","Total 10-19 yr","2011","UN_United Nations Population Division","Percent","18",""
"Andorra","Total <18 yr","2011","UN_United Nations Population Division","Thousand","16",""
"Andorra","Total <5 yr","2011","UN_United Nations Population Division","Thousand","4",""
"Andorra","Total","2011","UN_United Nations Population Division","Thousand","86",""
"Angola","Total <18 yr","2011","UN_United Nations Population Division","Thousand","10399",""
"Angola","Total <5 yr","2011","UN_United Nations Population Division","Thousand","3393",""
"Angola","Total","2011","UN_United Nations Population Division","Thousand","19618",""
"Angola","Total 10-19 yr","2011","UN_United Nations Population Division","Thousand","4720",""
"Angola","Total 10-19 yr","2011","UN_United Nations Population Division","Percent","24",""
"Antigua and Barbuda","Total <18 yr","2011","UN_United Nations Population Division","Thousand","28",""
"Antigua and Barbuda","Total <5 yr","2011","UN_United Nations Population Division","Thousand","8",""
"Antigua and Barbuda","Total","2011","UN_United Nations Population Division","Thousand","90",""
"Argentina","Total <18 yr","2011","UN_United Nations Population Division","Thousand","12105",""
"Argentina","Total <5 yr","2011","UN_United Nations Population Division","Thousand","3423",""
"Argentina","Total","2011","UN_United Nations Population Division","Thousand","40765",""
"Argentina","Total 10-19 yr","2011","UN_United Nations Population Division","Thousand","6769",""
"Argentina","Total 10-19 yr","2011","UN_United Nations Population Division","Percent","17",""
"Armenia","Total <18 yr","2011","UN_United Nations Population Division","Thousand","763",""
"Armenia","Total <5 yr","2011","UN_United Nations Population Division","Thousand","225",""
"Armenia","Total","2011","UN_United Nations Population Division","Thousand","3100",""
"Armenia","Total 10-19 yr","2011","UN_United Nations Population Division","Thousand","435",""
"Armenia","Total 10-19 yr","2011","UN_United Nations Population Division","Percent","14",""
"Australia","Total <18 yr","2011","UN_United Nations Population Division","Thousand","5190",""
"Australia","Total <5 yr","2011","UN_United Nations Population Division","Thousand","1504",""
"Australia","Total","2011","UN_United Nations Population Division","Thousand","22606",""
"Australia","Total 10-19 yr","2011","UN_United Nations Population Division","Thousand","2917",""
"Australia","Total 10-19 yr","2011","UN_United Nations Population Division","Percent","13",""
"Austria","Total <18 yr","2011","UN_United Nations Population Division","Thousand","1512",""
"Austria","Total <5 yr","2011","UN_United Nations Population Division","Thousand","381",""
"Austria","Total","2011","UN_United Nations Population Division","Thousand","8413",""
"Austria","Total 10-19 yr","2011","UN_United Nations Population Division","Thousand","929",""
"Austria","Total 10-19 yr","2011","UN_United Nations Population Division","Percent","11",""
"Azerbaijan","Total <18 yr","2011","UN_United Nations Population Division","Thousand","2430",""
"Azerbaijan","Total <5 yr","2011","UN_United Nations Population Division","Thousand","846",""
"Azerbaijan","Total","2011","UN_United Nations Population Division","Thousand","9306",""
"Azerbaijan","Total 10-19 yr","2011","UN_United Nations Population Division","Thousand","1378",""
"Azerbaijan","Total 10-19 yr","2011","UN_United Nations Population Division","Percent","15",""
"Bahamas","Total <18 yr","2011","UN_United Nations Population Division","Thousand","95",""
"Bahamas","Total <5 yr","2011","UN_United Nations Population Division","Thousand","27",""
"Bahamas","Total","2011","UN_United Nations Population Division","Thousand","347",""
"Bahamas","Total 10-19 yr","2011","UN_United Nations Population Division","Thousand","58",""
"Bahamas","Total 10-19 yr","2011","UN_United Nations Population Division","Percent","17",""
"Bahrain","Total <18 yr","2011","UN_United Nations Population Division","Thousand","311",""
"Bahrain","Total <5 yr","2011","UN_United Nations Population Division","Thousand","102",""
"Bahrain","Total","2011","UN_United Nations Population Division","Thousand","1324",""
"Bahrain","Total 10-19 yr","2011","UN_United Nations Population Division","Thousand","153",""
"Bahrain","Total 10-19 yr","2011","UN_United Nations Population Division","Percent","11",""
"Bangladesh","Total <18 yr","2011","UN_United Nations Population Division","Thousand","55515",""
"Bangladesh","Total <5 yr","2011","UN_United Nations Population Division","Thousand","14421",""
"Bangladesh","Total","2011","UN_United Nations Population Division","Thousand","150494",""
"Bangladesh","Total 10-19 yr","2011","UN_United Nations Population Division","Thousand","31601",""
"Bangladesh","Total 10-19 yr","2011","UN_United Nations Population Division","Percent","21",""
"Barbados","Total <18 yr","2011","UN_United Nations Population Division","Thousand","59",""
"Barbados","Total <5 yr","2011","UN_United Nations Population Division","Thousand","15",""
"Barbados","Total","2011","UN_United Nations Population Division","Thousand","274",""
"Barbados","Total 10-19 yr","2011","UN_United Nations Population Division","Thousand","38",""
"Barbados","Total 10-19 yr","2011","UN_United Nations Population Division","Percent","14",""
"Belarus","Total <18 yr","2011","UN_United Nations Population Division","Thousand","1766",""
"Belarus","Total <5 yr","2011","UN_United Nations Population Division","Thousand","527",""
"Belarus","Total","2011","UN_United Nations Population Division","Thousand","9559",""
"Belarus","Total 10-19 yr","2011","UN_United Nations Population Division","Thousand","1025",""
"Belarus","Total 10-19 yr","2011","UN_United Nations Population Division","Percent","11",""
"Belgium","Total <18 yr","2011","UN_United Nations Population Division","Thousand","2182",""
"Belgium","Total <5 yr","2011","UN_United Nations Population Division","Thousand","619",""
"Belgium","Total","2011","UN_United Nations Population Division","Thousand","10754",""
"Belgium","Total 10-19 yr","2011","UN_United Nations Population Division","Thousand","1207",""
"Belgium","Total 10-19 yr","2011","UN_United Nations Population Division","Percent","11",""
"Belize","Total <18 yr","2011","UN_United Nations Population Division","Thousand","131",""
"Belize","Total <5 yr","2011","UN_United Nations Population Division","Thousand","37",""
"Belize","Total","2011","UN_United Nations Population Division","Thousand","318",""
"Belize","Total 10-19 yr","2011","UN_United Nations Population Division","Thousand","73",""
"Belize","Total 10-19 yr","2011","UN_United Nations Population Division","Percent","23",""
"Benin","Total <18 yr","2011","UN_United Nations Population Division","Thousand","4568",""
"Benin","Total <5 yr","2011","UN_United Nations Population Division","Thousand","1546",""
"Benin","Total","2011","UN_United Nations Population Division","Thousand","9100",""
"Benin","Total 10-19 yr","2011","UN_United Nations Population Division","Thousand","2094",""
"Benin","Total 10-19 yr","2011","UN_United Nations Population Division","Percent","23",""
"Bhutan","Total <18 yr","2011","UN_United Nations Population Division","Thousand","258",""
"Bhutan","Total <5 yr","2011","UN_United Nations Population Division","Thousand","70",""
"Bhutan","Total","2011","UN_United Nations Population Division","Thousand","738",""
"Bhutan","Total 10-19 yr","2011","UN_United Nations Population Division","Thousand","148",""
"Bhutan","Total 10-19 yr","2011","UN_United Nations Population Division","Percent","20",""
"Bolivia (Plurinational State of)","Total <18 yr","2011","UN_United Nations Population Division","Thousand","4254",""
"Bolivia (Plurinational State of)","Total <5 yr","2011","UN_United Nations Population Division","Thousand","1230",""
"Bolivia (Plurinational State of)","Total","2011","UN_United Nations Population Division","Thousand","10088",""
"Bolivia (Plurinational State of)","Total 10-19 yr","2011","UN_United Nations Population Division","Thousand","2232",""
"Bolivia (Plurinational State of)","Total 10-19 yr","2011","UN_United Nations Population Division","Percent","22",""
"Bosnia and Herzegovina","Total <18 yr","2011","UN_United Nations Population Division","Thousand","686",""
"Bosnia and Herzegovina","Total <5 yr","2011","UN_United Nations Population Division","Thousand","167",""
"Bosnia and Herzegovina","Total","2011","UN_United Nations Population Division","Thousand","3752",""
"Bosnia and Herzegovina","Total 10-19 yr","2011","UN_United Nations Population Division","Thousand","434",""
"Bosnia and Herzegovina","Total 10-19 yr","2011","UN_United Nations Population Division","Percent","12",""
"Botswana","Total <18 yr","2011","UN_United Nations Population Division","Thousand","788",""
"Botswana","Total <5 yr","2011","UN_United Nations Population Division","Thousand","229",""
"Botswana","Total","2011","UN_United Nations Population Division","Thousand","2031",""
"Botswana","Total 10-19 yr","2011","UN_United Nations Population Division","Thousand","434",""
"Botswana","Total 10-19 yr","2011","UN_United Nations Population Division","Percent","21",""
"Brazil","Total <18 yr","2011","UN_United Nations Population Division","Thousand","59010",""
"Brazil","Total <5 yr","2011","UN_United Nations Population Division","Thousand","14662",""
"Brazil","Total","2011","UN_United Nations Population Division","Thousand","196655",""
"Brazil","Total 10-19 yr","2011","UN_United Nations Population Division","Thousand","33906",""
"Brazil","Total 10-19 yr","2011","UN_United Nations Population Division","Percent","17",""
"Brunei Darussalam","Total <18 yr","2011","UN_United Nations Population Division","Thousand","124",""
"Brunei Darussalam","Total <5 yr","2011","UN_United Nations Population Division","Thousand","37",""
"Brunei Darussalam","Total","2011","UN_United Nations Population Division","Thousand","406",""
"Brunei Darussalam","Total 10-19 yr","2011","UN_United Nations Population Division","Thousand","65",""
"Brunei Darussalam","Total 10-19 yr","2011","UN_United Nations Population Division","Percent","16",""
"Bulgaria","Total <18 yr","2011","UN_United Nations Population Division","Thousand","1249",""
"Bulgaria","Total <5 yr","2011","UN_United Nations Population Division","Thousand","378",""
"Bulgaria","Total","2011","UN_United Nations Population Division","Thousand","7446",""
"Bulgaria","Total 10-19 yr","2011","UN_United Nations Population Division","Thousand","696",""
"Bulgaria","Total 10-19 yr","2011","UN_United Nations Population Division","Percent","9",""
"Burkina Faso","Total <18 yr","2011","UN_United Nations Population Division","Thousand","8824",""
"Burkina Faso","Total <5 yr","2011","UN_United Nations Population Division","Thousand","3047",""
"Burkina Faso","Total","2011","UN_United Nations Population Division","Thousand","16968",""
"Burkina Faso","Total 10-19 yr","2011","UN_United Nations Population Division","Thousand","3978",""
"Burkina Faso","Total 10-19 yr","2011","UN_United Nations Population Division","Percent","23",""
"Burundi","Total <18 yr","2011","UN_United Nations Population Division","Thousand","3813",""
"Burundi","Total <5 yr","2011","UN_United Nations Population Division","Thousand","1221",""
"Burundi","Total","2011","UN_United Nations Population Division","Thousand","8575",""
"Burundi","Total 10-19 yr","2011","UN_United Nations Population Division","Thousand","1946",""
"Burundi","Total 10-19 yr","2011","UN_United Nations Population Division","Percent","23",""
"Cambodia","Total <18 yr","2011","UN_United Nations Population Division","Thousand","5480",""
"Cambodia","Total <5 yr","2011","UN_United Nations Population Division","Thousand","1505",""
"Cambodia","Total","2011","UN_United Nations Population Division","Thousand","14305",""
"Cambodia","Total 10-19 yr","2011","UN_United Nations Population Division","Thousand","3222",""
"Cambodia","Total 10-19 yr","2011","UN_United Nations Population Division","Percent","23",""
"Cameroon","Total <18 yr","2011","UN_United Nations Population Division","Thousand","9420",""
"Cameroon","Total <5 yr","2011","UN_United Nations Population Division","Thousand","3102",""
"Cameroon","Total","2011","UN_United Nations Population Division","Thousand","20030",""
"Cameroon","Total 10-19 yr","2011","UN_United Nations Population Division","Thousand","4481",""
"Cameroon","Total 10-19 yr","2011","UN_United Nations Population Division","Percent","22",""
"Canada","Total <18 yr","2011","UN_United Nations Population Division","Thousand","6926",""
"Canada","Total <5 yr","2011","UN_United Nations Population Division","Thousand","1936",""
"Canada","Total","2011","UN_United Nations Population Division","Thousand","34350",""
"Canada","Total 10-19 yr","2011","UN_United Nations Population Division","Thousand","4137",""
"Canada","Total 10-19 yr","2011","UN_United Nations Population Division","Percent","12",""
"Cape Verde","Total <18 yr","2011","UN_United Nations Population Division","Thousand","190",""
"Cape Verde","Total <5 yr","2011","UN_United Nations Population Division","Thousand","50",""
"Cape Verde","Total","2011","UN_United Nations Population Division","Thousand","501",""
"Cape Verde","Total 10-19 yr","2011","UN_United Nations Population Division","Thousand","113",""
"Cape Verde","Total 10-19 yr","2011","UN_United Nations Population Division","Percent","23",""
"CEE/CIS","Total <18 yr","2011","UN_United Nations Population Division","Thousand","95460","1"
"CEE/CIS","Total <5 yr","2011","UN_United Nations Population Division","Thousand","28590","1"
"CEE/CIS","Total","2011","UN_United Nations Population Division","Thousand","405743","1"
"CEE/CIS","Total 10-19 yr","2011","UN_United Nations Population Division","Thousand","53462","1"
"CEE/CIS","Total 10-19 yr","2011","UN_United Nations Population Division","Percent","13","1"
"Central African Republic","Total <18 yr","2011","UN_United Nations Population Division","Thousand","2098",""
"Central African Republic","Total <5 yr","2011","UN_United Nations Population Division","Thousand","658",""
"Central African Republic","Total","2011","UN_United Nations Population Division","Thousand","4487",""
"Central African Republic","Total 10-19 yr","2011","UN_United Nations Population Division","Thousand","1030",""
"Central African Republic","Total 10-19 yr","2011","UN_United Nations Population Division","Percent","23",""
"Chad","Total <18 yr","2011","UN_United Nations Population Division","Thousand","5992",""
"Chad","Total <5 yr","2011","UN_United Nations Population Division","Thousand","2047",""
"Chad","Total","2011","UN_United Nations Population Division","Thousand","11525",""
"Chad","Total 10-19 yr","2011","UN_United Nations Population Division","Thousand","2690",""
"Chad","Total 10-19 yr","2011","UN_United Nations Population Division","Percent","23",""
"Chile","Total <18 yr","2011","UN_United Nations Population Division","Thousand","4615",""
"Chile","Total <5 yr","2011","UN_United Nations Population Division","Thousand","1222",""
"Chile","Total","2011","UN_United Nations Population Division","Thousand","17270",""
"Chile","Total 10-19 yr","2011","UN_United Nations Population Division","Thousand","2769",""
"Chile","Total 10-19 yr","2011","UN_United Nations Population Division","Percent","16",""
"China","Total <18 yr","2011","UN_United Nations Population Division","Thousand","317892",""
"China","Total <5 yr","2011","UN_United Nations Population Division","Thousand","82205",""
"China","Total","2011","UN_United Nations Population Division","Thousand","1347565",""
"China","Total 10-19 yr","2011","UN_United Nations Population Division","Thousand","195432",""
"China","Total 10-19 yr","2011","UN_United Nations Population Division","Percent","15",""
"Colombia","Total <18 yr","2011","UN_United Nations Population Division","Thousand","15951",""
"Colombia","Total <5 yr","2011","UN_United Nations Population Division","Thousand","4509",""
"Colombia","Total","2011","UN_United Nations Population Division","Thousand","46927",""
"Colombia","Total 10-19 yr","2011","UN_United Nations Population Division","Thousand","8759",""
"Colombia","Total 10-19 yr","2011","UN_United Nations Population Division","Percent","19",""
"Comoros","Total <18 yr","2011","UN_United Nations Population Division","Thousand","366",""
"Comoros","Total <5 yr","2011","UN_United Nations Population Division","Thousand","124",""
"Comoros","Total","2011","UN_United Nations Population Division","Thousand","754",""
"Comoros","Total 10-19 yr","2011","UN_United Nations Population Division","Thousand","161",""
"Comoros","Total 10-19 yr","2011","UN_United Nations Population Division","Percent","21",""
"Congo","Total <18 yr","2011","UN_United Nations Population Division","Thousand","1940",""
"Congo","Total <5 yr","2011","UN_United Nations Population Division","Thousand","637",""
"Congo","Total","2011","UN_United Nations Population Division","Thousand","4140",""
"Congo","Total 10-19 yr","2011","UN_United Nations Population Division","Thousand","909",""
"Congo","Total 10-19 yr","2011","UN_United Nations Population Division","Percent","22",""
"Cook Islands","Total <18 yr","2011","UN_United Nations Population Division","Thousand","8",""
"Cook Islands","Total <5 yr","2011","UN_United Nations Population Division","Thousand","2",""
"Cook Islands","Total","2011","UN_United Nations Population Division","Thousand","20",""
"Costa Rica","Total <18 yr","2011","UN_United Nations Population Division","Thousand","1405",""
"Costa Rica","Total <5 yr","2011","UN_United Nations Population Division","Thousand","359",""
"Costa Rica","Total","2011","UN_United Nations Population Division","Thousand","4727",""
"Costa Rica","Total 10-19 yr","2011","UN_United Nations Population Division","Thousand","832",""
"Costa Rica","Total 10-19 yr","2011","UN_United Nations Population Division","Percent","18",""
"Côte d'Ivoire","Total <18 yr","2011","UN_United Nations Population Division","Thousand","9539",""
"Côte d'Ivoire","Total <5 yr","2011","UN_United Nations Population Division","Thousand","2992",""
"Côte d'Ivoire","Total","2011","UN_United Nations Population Division","Thousand","20153",""
"Côte d'Ivoire","Total 10-19 yr","2011","UN_United Nations Population Division","Thousand","4653",""
"Côte d'Ivoire","Total 10-19 yr","2011","UN_United Nations Population Division","Percent","23",""
"Croatia","Total <18 yr","2011","UN_United Nations Population Division","Thousand","806",""
"Croatia","Total <5 yr","2011","UN_United Nations Population Division","Thousand","215",""
"Croatia","Total","2011","UN_United Nations Population Division","Thousand","4396",""
"Croatia","Total 10-19 yr","2011","UN_United Nations Population Division","Thousand","490",""
"Croatia","Total 10-19 yr","2011","UN_United Nations Population Division","Percent","11",""
"Cuba","Total <18 yr","2011","UN_United Nations Population Division","Thousand","2343",""
"Cuba","Total <5 yr","2011","UN_United Nations Population Division","Thousand","543",""
"Cuba","Total","2011","UN_United Nations Population Division","Thousand","11254",""
"Cuba","Total 10-19 yr","2011","UN_United Nations Population Division","Thousand","1454",""
"Cuba","Total 10-19 yr","2011","UN_United Nations Population Division","Percent","13",""
"Cyprus","Total <18 yr","2011","UN_United Nations Population Division","Thousand","244",""
"Cyprus","Total <5 yr","2011","UN_United Nations Population Division","Thousand","65",""
"Cyprus","Total","2011","UN_United Nations Population Division","Thousand","1117",""
"Cyprus","Total 10-19 yr","2011","UN_United Nations Population Division","Thousand","153",""
"Cyprus","Total 10-19 yr","2011","UN_United Nations Population Division","Percent","14",""
"Czech Republic","Total <18 yr","2011","UN_United Nations Population Division","Thousand","1836",""
"Czech Republic","Total <5 yr","2011","UN_United Nations Population Division","Thousand","567",""
"Czech Republic","Total","2011","UN_United Nations Population Division","Thousand","10534",""
"Czech Republic","Total 10-19 yr","2011","UN_United Nations Population Division","Thousand","1069",""
"Czech Republic","Total 10-19 yr","2011","UN_United Nations Population Division","Percent","10",""
"Democratic People's Republic of Korea","Total <18 yr","2011","UN_United Nations Population Division","Thousand","6757",""
"Democratic People's Republic of Korea","Total <5 yr","2011","UN_United Nations Population Division","Thousand","1706",""
"Democratic People's Republic of Korea","Total","2011","UN_United Nations Population Division","Thousand","24451",""
"Democratic People's Republic of Korea","Total 10-19 yr","2011","UN_United Nations Population Division","Thousand","4103",""
"Democratic People's Republic of Korea","Total 10-19 yr","2011","UN_United Nations Population Division","Percent","17",""
"Democratic Republic of the Congo","Total <18 yr","2011","UN_United Nations Population Division","Thousand","35852",""
"Democratic Republic of the Congo","Total <5 yr","2011","UN_United Nations Population Division","Thousand","12037",""
"Democratic Republic of the Congo","Total","2011","UN_United Nations Population Division","Thousand","67758",""
"Democratic Republic of the Congo","Total 10-19 yr","2011","UN_United Nations Population Division","Thousand","16323",""
"Democratic Republic of the Congo","Total 10-19 yr","2011","UN_United Nations Population Division","Percent","24",""
"Denmark","Total <18 yr","2011","UN_United Nations Population Division","Thousand","1212",""
"Denmark","Total <5 yr","2011","UN_United Nations Population Division","Thousand","327",""
"Denmark","Total","2011","UN_United Nations Population Division","Thousand","5573",""
"Denmark","Total 10-19 yr","2011","UN_United Nations Population Division","Thousand","701",""
"Denmark","Total 10-19 yr","2011","UN_United Nations Population Division","Percent","13",""
"Djibouti","Total <18 yr","2011","UN_United Nations Population Division","Thousand","382",""
"Djibouti","Total <5 yr","2011","UN_United Nations Population Division","Thousand","115",""
"Djibouti","Total","2011","UN_United Nations Population Division","Thousand","906",""
"Djibouti","Total 10-19 yr","2011","UN_United Nations Population Division","Thousand","202",""
"Djibouti","Total 10-19 yr","2011","UN_United Nations Population Division","Percent","22",""
"Dominica","Total <18 yr","2011","UN_United Nations Population Division","Thousand","21",""
"Dominica","Total <5 yr","2011","UN_United Nations Population Division","Thousand","6",""
"Dominica","Total","2011","UN_United Nations Population Division","Thousand","68",""
"Dominican Republic","Total <18 yr","2011","UN_United Nations Population Division","Thousand","3672",""
"Dominican Republic","Total <5 yr","2011","UN_United Nations Population Division","Thousand","1051",""
"Dominican Republic","Total","2011","UN_United Nations Population Division","Thousand","10056",""
"Dominican Republic","Total 10-19 yr","2011","UN_United Nations Population Division","Thousand","1967",""
"Dominican Republic","Total 10-19 yr","2011","UN_United Nations Population Division","Percent","20",""
"East Asia and Pacific","Total <18 yr","2011","UN_United Nations Population Division","Thousand","533810","1"
"East Asia and Pacific","Total <5 yr","2011","UN_United Nations Population Division","Thousand","141248","1"
"East Asia and Pacific","Total","2011","UN_United Nations Population Division","Thousand","2032532","1"
"East Asia and Pacific","Total 10-19 yr","2011","UN_United Nations Population Division","Thousand","317250","1"
"East Asia and Pacific","Total 10-19 yr","2011","UN_United Nations Population Division","Percent","16","1"
"Eastern and Southern Africa","Total <18 yr","2011","UN_United Nations Population Division","Thousand","196675","1"
"Eastern and Southern Africa","Total <5 yr","2011","UN_United Nations Population Division","Thousand","63188","1"
"Eastern and Southern Africa","Total","2011","UN_United Nations Population Division","Thousand","418709","1"
"Eastern and Southern Africa","Total 10-19 yr","2011","UN_United Nations Population Division","Thousand","94195","1"
"Eastern and Southern Africa","Total 10-19 yr","2011","UN_United Nations Population Division","Percent","22","1"
"Ecuador","Total <18 yr","2011","UN_United Nations Population Division","Thousand","5234",""
"Ecuador","Total <5 yr","2011","UN_United Nations Population Division","Thousand","1469",""
"Ecuador","Total","2011","UN_United Nations Population Division","Thousand","14666",""
"Ecuador","Total 10-19 yr","2011","UN_United Nations Population Division","Thousand","2843",""
"Ecuador","Total 10-19 yr","2011","UN_United Nations Population Division","Percent","19",""
"Egypt","Total <18 yr","2011","UN_United Nations Population Division","Thousand","30537",""
"Egypt","Total <5 yr","2011","UN_United Nations Population Division","Thousand","9092",""
"Egypt","Total","2011","UN_United Nations Population Division","Thousand","82537",""
"Egypt","Total 10-19 yr","2011","UN_United Nations Population Division","Thousand","15964",""
"Egypt","Total 10-19 yr","2011","UN_United Nations Population Division","Percent","19",""
"El Salvador","Total <18 yr","2011","UN_United Nations Population Division","Thousand","2394",""
"El Salvador","Total <5 yr","2011","UN_United Nations Population Division","Thousand","631",""
"El Salvador","Total","2011","UN_United Nations Population Division","Thousand","6227",""
"El Salvador","Total 10-19 yr","2011","UN_United Nations Population Division","Thousand","1440",""
"El Salvador","Total 10-19 yr","2011","UN_United Nations Population Division","Percent","23",""
"Equatorial Guinea","Total <18 yr","2011","UN_United Nations Population Division","Thousand","327",""
"Equatorial Guinea","Total <5 yr","2011","UN_United Nations Population Division","Thousand","111",""
"Equatorial Guinea","Total","2011","UN_United Nations Population Division","Thousand","720",""
"Equatorial Guinea","Total 10-19 yr","2011","UN_United Nations Population Division","Thousand","154",""
"Equatorial Guinea","Total 10-19 yr","2011","UN_United Nations Population Division","Percent","21",""
"Eritrea","Total <18 yr","2011","UN_United Nations Population Division","Thousand","2588",""
"Eritrea","Total <5 yr","2011","UN_United Nations Population Division","Thousand","879",""
"Eritrea","Total","2011","UN_United Nations Population Division","Thousand","5415",""
"Eritrea","Total 10-19 yr","2011","UN_United Nations Population Division","Thousand","1171",""
"Eritrea","Total 10-19 yr","2011","UN_United Nations Population Division","Percent","22",""
"Estonia","Total <18 yr","2011","UN_United Nations Population Division","Thousand","250",""
"Estonia","Total <5 yr","2011","UN_United Nations Population Division","Thousand","80",""
"Estonia","Total","2011","UN_United Nations Population Division","Thousand","1341",""
"Estonia","Total 10-19 yr","2011","UN_United Nations Population Division","Thousand","133",""
"Estonia","Total 10-19 yr","2011","UN_United Nations Population Division","Percent","10",""
"Ethiopia","Total <18 yr","2011","UN_United Nations Population Division","Thousand","40698",""
"Ethiopia","Total <5 yr","2011","UN_United Nations Population Division","Thousand","11915",""
"Ethiopia","Total","2011","UN_United Nations Population Division","Thousand","84734",""
"Ethiopia","Total 10-19 yr","2011","UN_United Nations Population Division","Thousand","20948",""
"Ethiopia","Total 10-19 yr","2011","UN_United Nations Population Division","Percent","25",""
"Fiji","Total <18 yr","2011","UN_United Nations Population Division","Thousand","300",""
"Fiji","Total <5 yr","2011","UN_United Nations Population Division","Thousand","91",""
"Fiji","Total","2011","UN_United Nations Population Division","Thousand","868",""
"Fiji","Total 10-19 yr","2011","UN_United Nations Population Division","Thousand","159",""
"Fiji","Total 10-19 yr","2011","UN_United Nations Population Division","Percent","18",""
"Finland","Total <18 yr","2011","UN_United Nations Population Division","Thousand","1084",""
"Finland","Total <5 yr","2011","UN_United Nations Population Division","Thousand","303",""
"Finland","Total","2011","UN_United Nations Population Division","Thousand","5385",""
"Finland","Total 10-19 yr","2011","UN_United Nations Population Division","Thousand","627",""
"Finland","Total 10-19 yr","2011","UN_United Nations Population Division","Percent","12",""
"France","Total <18 yr","2011","UN_United Nations Population Division","Thousand","13837",""
"France","Total <5 yr","2011","UN_United Nations Population Division","Thousand","3985",""
"France","Total","2011","UN_United Nations Population Division","Thousand","63126",""
"France","Total 10-19 yr","2011","UN_United Nations Population Division","Thousand","7482",""
"France","Total 10-19 yr","2011","UN_United Nations Population Division","Percent","12",""
"Gabon","Total <18 yr","2011","UN_United Nations Population Division","Thousand","642",""
"Gabon","Total <5 yr","2011","UN_United Nations Population Division","Thousand","188",""
"Gabon","Total","2011","UN_United Nations Population Division","Thousand","1534",""
"Gabon","Total 10-19 yr","2011","UN_United Nations Population Division","Thousand","346",""
"Gabon","Total 10-19 yr","2011","UN_United Nations Population Division","Percent","23",""
"Gambia","Total <18 yr","2011","UN_United Nations Population Division","Thousand","897",""
"Gambia","Total <5 yr","2011","UN_United Nations Population Division","Thousand","292",""
"Gambia","Total","2011","UN_United Nations Population Division","Thousand","1776",""
"Gambia","Total 10-19 yr","2011","UN_United Nations Population Division","Thousand","421",""
"Gambia","Total 10-19 yr","2011","UN_United Nations Population Division","Percent","24",""
"Georgia","Total <18 yr","2011","UN_United Nations Population Division","Thousand","892",""
"Georgia","Total <5 yr","2011","UN_United Nations Population Division","Thousand","258",""
"Georgia","Total","2011","UN_United Nations Population Division","Thousand","4329",""
"Georgia","Total 10-19 yr","2011","UN_United Nations Population Division","Thousand","541",""
"Georgia","Total 10-19 yr","2011","UN_United Nations Population Division","Percent","13",""
"Germany","Total <18 yr","2011","UN_United Nations Population Division","Thousand","13437",""
"Germany","Total <5 yr","2011","UN_United Nations Population Division","Thousand","3504",""
"Germany","Total","2011","UN_United Nations Population Division","Thousand","82163",""
"Germany","Total 10-19 yr","2011","UN_United Nations Population Division","Thousand","8059",""
"Germany","Total 10-19 yr","2011","UN_United Nations Population Division","Percent","10",""
"Ghana","Total <18 yr","2011","UN_United Nations Population Division","Thousand","11174",""
"Ghana","Total <5 yr","2011","UN_United Nations Population Division","Thousand","3591",""
"Ghana","Total","2011","UN_United Nations Population Division","Thousand","24966",""
"Ghana","Total 10-19 yr","2011","UN_United Nations Population Division","Thousand","5412",""
"Ghana","Total 10-19 yr","2011","UN_United Nations Population Division","Percent","22",""
"Greece","Total <18 yr","2011","UN_United Nations Population Division","Thousand","2001",""
"Greece","Total <5 yr","2011","UN_United Nations Population Division","Thousand","600",""
"Greece","Total","2011","UN_United Nations Population Division","Thousand","11390",""
"Greece","Total 10-19 yr","2011","UN_United Nations Population Division","Thousand","1087",""
"Greece","Total 10-19 yr","2011","UN_United Nations Population Division","Percent","10",""
"Grenada","Total <18 yr","2011","UN_United Nations Population Division","Thousand","35",""
"Grenada","Total <5 yr","2011","UN_United Nations Population Division","Thousand","10",""
"Grenada","Total","2011","UN_United Nations Population Division","Thousand","105",""
"Grenada","Total 10-19 yr","2011","UN_United Nations Population Division","Thousand","20",""
"Grenada","Total 10-19 yr","2011","UN_United Nations Population Division","Percent","20",""
"Guatemala","Total <18 yr","2011","UN_United Nations Population Division","Thousand","7072",""
"Guatemala","Total <5 yr","2011","UN_United Nations Population Division","Thousand","2192",""
"Guatemala","Total","2011","UN_United Nations Population Division","Thousand","14757",""
"Guatemala","Total 10-19 yr","2011","UN_United Nations Population Division","Thousand","3467",""
"Guatemala","Total 10-19 yr","2011","UN_United Nations Population Division","Percent","23",""
"Guinea","Total <18 yr","2011","UN_United Nations Population Division","Thousand","5045",""
"Guinea","Total <5 yr","2011","UN_United Nations Population Division","Thousand","1691",""
"Guinea","Total","2011","UN_United Nations Population Division","Thousand","10222",""
"Guinea","Total 10-19 yr","2011","UN_United Nations Population Division","Thousand","2334",""
"Guinea","Total 10-19 yr","2011","UN_United Nations Population Division","Percent","23",""
"Guinea-Bissau","Total <18 yr","2011","UN_United Nations Population Division","Thousand","739",""
"Guinea-Bissau","Total <5 yr","2011","UN_United Nations Population Division","Thousand","244",""
"Guinea-Bissau","Total","2011","UN_United Nations Population Division","Thousand","1547",""
"Guinea-Bissau","Total 10-19 yr","2011","UN_United Nations Population Division","Thousand","349",""
"Guinea-Bissau","Total 10-19 yr","2011","UN_United Nations Population Division","Percent","23",""
"Guyana","Total <18 yr","2011","UN_United Nations Population Division","Thousand","297",""
"Guyana","Total <5 yr","2011","UN_United Nations Population Division","Thousand","60",""
"Guyana","Total","2011","UN_United Nations Population Division","Thousand","756",""
"Guyana","Total 10-19 yr","2011","UN_United Nations Population Division","Thousand","181",""
"Guyana","Total 10-19 yr","2011","UN_United Nations Population Division","Percent","24",""
"Haiti","Total <18 yr","2011","UN_United Nations Population Division","Thousand","4271",""
"Haiti","Total <5 yr","2011","UN_United Nations Population Division","Thousand","1245",""
"Haiti","Total","2011","UN_United Nations Population Division","Thousand","10124",""
"Haiti","Total 10-19 yr","2011","UN_United Nations Population Division","Thousand","2270",""
"Haiti","Total 10-19 yr","2011","UN_United Nations Population Division","Percent","22",""
"Holy See","Total <18 yr","2011","UN_United Nations Population Division","Thousand","0",""
"Holy See","Total <5 yr","2011","UN_United Nations Population Division","Thousand","0",""
"Holy See","Total","2011","UN_United Nations Population Division","Thousand","0",""
"Honduras","Total <18 yr","2011","UN_United Nations Population Division","Thousand","3338",""
"Honduras","Total <5 yr","2011","UN_United Nations Population Division","Thousand","975",""
"Honduras","Total","2011","UN_United Nations Population Division","Thousand","7755",""
"Honduras","Total 10-19 yr","2011","UN_United Nations Population Division","Thousand","1777",""
"Honduras","Total 10-19 yr","2011","UN_United Nations Population Division","Percent","23",""
"Hungary","Total <18 yr","2011","UN_United Nations Population Division","Thousand","1800",""
"Hungary","Total <5 yr","2011","UN_United Nations Population Division","Thousand","493",""
"Hungary","Total","2011","UN_United Nations Population Division","Thousand","9966",""
"Hungary","Total 10-19 yr","2011","UN_United Nations Population Division","Thousand","1072",""
"Hungary","Total 10-19 yr","2011","UN_United Nations Population Division","Percent","11",""
"Iceland","Total <18 yr","2011","UN_United Nations Population Division","Thousand","81",""
"Iceland","Total <5 yr","2011","UN_United Nations Population Division","Thousand","24",""
"Iceland","Total","2011","UN_United Nations Population Division","Thousand","324",""
"Iceland","Total 10-19 yr","2011","UN_United Nations Population Division","Thousand","45",""
"Iceland","Total 10-19 yr","2011","UN_United Nations Population Division","Percent","14",""
"India","Total <18 yr","2011","UN_United Nations Population Division","Thousand","448336",""
"India","Total <5 yr","2011","UN_United Nations Population Division","Thousand","128542",""
"India","Total","2011","UN_United Nations Population Division","Thousand","1241492",""
"India","Total 10-19 yr","2011","UN_United Nations Population Division","Thousand","243492",""
"India","Total 10-19 yr","2011","UN_United Nations Population Division","Percent","20",""
"Indonesia","Total <18 yr","2011","UN_United Nations Population Division","Thousand","77471",""
"Indonesia","Total <5 yr","2011","UN_United Nations Population Division","Thousand","21210",""
"Indonesia","Total","2011","UN_United Nations Population Division","Thousand","242326",""
"Indonesia","Total 10-19 yr","2011","UN_United Nations Population Division","Thousand","42771",""
"Indonesia","Total 10-19 yr","2011","UN_United Nations Population Division","Percent","18",""
"Iran (Islamic Republic of)","Total <18 yr","2011","UN_United Nations Population Division","Thousand","20819",""
"Iran (Islamic Republic of)","Total <5 yr","2011","UN_United Nations Population Division","Thousand","6269",""
"Iran (Islamic Republic of)","Total","2011","UN_United Nations Population Division","Thousand","74799",""
"Iran (Islamic Republic of)","Total 10-19 yr","2011","UN_United Nations Population Division","Thousand","12015",""
"Iran (Islamic Republic of)","Total 10-19 yr","2011","UN_United Nations Population Division","Percent","16",""
"Iraq","Total <18 yr","2011","UN_United Nations Population Division","Thousand","16146",""
"Iraq","Total <5 yr","2011","UN_United Nations Population Division","Thousand","5294",""
"Iraq","Total","2011","UN_United Nations Population Division","Thousand","32665",""
"Iraq","Total 10-19 yr","2011","UN_United Nations Population Division","Thousand","7490",""
"Iraq","Total 10-19 yr","2011","UN_United Nations Population Division","Percent","23",""
"Ireland","Total <18 yr","2011","UN_United Nations Population Division","Thousand","1137",""
"Ireland","Total <5 yr","2011","UN_United Nations Population Division","Thousand","370",""
"Ireland","Total","2011","UN_United Nations Population Division","Thousand","4526",""
"Ireland","Total 10-19 yr","2011","UN_United Nations Population Division","Thousand","567",""
"Ireland","Total 10-19 yr","2011","UN_United Nations Population Division","Percent","13",""
"Israel","Total <18 yr","2011","UN_United Nations Population Division","Thousand","2417",""
"Israel","Total <5 yr","2011","UN_United Nations Population Division","Thousand","754",""
"Israel","Total","2011","UN_United Nations Population Division","Thousand","7562",""
"Israel","Total 10-19 yr","2011","UN_United Nations Population Division","Thousand","1206",""
"Israel","Total 10-19 yr","2011","UN_United Nations Population Division","Percent","16",""
"Italy","Total <18 yr","2011","UN_United Nations Population Division","Thousand","10308",""
"Italy","Total <5 yr","2011","UN_United Nations Population Division","Thousand","2910",""
"Italy","Total","2011","UN_United Nations Population Division","Thousand","60789",""
"Italy","Total 10-19 yr","2011","UN_United Nations Population Division","Thousand","5742",""
"Italy","Total 10-19 yr","2011","UN_United Nations Population Division","Percent","9",""
"Jamaica","Total <18 yr","2011","UN_United Nations Population Division","Thousand","956",""
"Jamaica","Total <5 yr","2011","UN_United Nations Population Division","Thousand","254",""
"Jamaica","Total","2011","UN_United Nations Population Division","Thousand","2751",""
"Jamaica","Total 10-19 yr","2011","UN_United Nations Population Division","Thousand","562",""
"Jamaica","Total 10-19 yr","2011","UN_United Nations Population Division","Percent","21",""
"Japan","Total <18 yr","2011","UN_United Nations Population Division","Thousand","20375",""
"Japan","Total <5 yr","2011","UN_United Nations Population Division","Thousand","5418",""
"Japan","Total","2011","UN_United Nations Population Division","Thousand","126497",""
"Japan","Total 10-19 yr","2011","UN_United Nations Population Division","Thousand","11799",""
"Japan","Total 10-19 yr","2011","UN_United Nations Population Division","Percent","9",""
"Jordan","Total <18 yr","2011","UN_United Nations Population Division","Thousand","2747",""
"Jordan","Total <5 yr","2011","UN_United Nations Population Division","Thousand","817",""
"Jordan","Total","2011","UN_United Nations Population Division","Thousand","6330",""
"Jordan","Total 10-19 yr","2011","UN_United Nations Population Division","Thousand","1418",""
"Jordan","Total 10-19 yr","2011","UN_United Nations Population Division","Percent","23",""
"Kazakhstan","Total <18 yr","2011","UN_United Nations Population Division","Thousand","4800",""
"Kazakhstan","Total <5 yr","2011","UN_United Nations Population Division","Thousand","1726",""
"Kazakhstan","Total","2011","UN_United Nations Population Division","Thousand","16207",""
"Kazakhstan","Total 10-19 yr","2011","UN_United Nations Population Division","Thousand","2402",""
"Kazakhstan","Total 10-19 yr","2011","UN_United Nations Population Division","Percent","15",""
"Kenya","Total <18 yr","2011","UN_United Nations Population Division","Thousand","20317",""
"Kenya","Total <5 yr","2011","UN_United Nations Population Division","Thousand","6805",""
"Kenya","Total","2011","UN_United Nations Population Division","Thousand","41610",""
"Kenya","Total 10-19 yr","2011","UN_United Nations Population Division","Thousand","9322",""
"Kenya","Total 10-19 yr","2011","UN_United Nations Population Division","Percent","22",""
"Kiribati","Total <18 yr","2011","UN_United Nations Population Division","Thousand","36",""
"Kiribati","Total <5 yr","2011","UN_United Nations Population Division","Thousand","10",""
"Kiribati","Total","2011","UN_United Nations Population Division","Thousand","101",""
"Kuwait","Total <18 yr","2011","UN_United Nations Population Division","Thousand","863",""
"Kuwait","Total <5 yr","2011","UN_United Nations Population Division","Thousand","282",""
"Kuwait","Total","2011","UN_United Nations Population Division","Thousand","2818",""
"Kuwait","Total 10-19 yr","2011","UN_United Nations Population Division","Thousand","394",""
"Kuwait","Total 10-19 yr","2011","UN_United Nations Population Division","Percent","14",""
"Kyrgyzstan","Total <18 yr","2011","UN_United Nations Population Division","Thousand","1957",""
"Kyrgyzstan","Total <5 yr","2011","UN_United Nations Population Division","Thousand","624",""
"Kyrgyzstan","Total","2011","UN_United Nations Population Division","Thousand","5393",""
"Kyrgyzstan","Total 10-19 yr","2011","UN_United Nations Population Division","Thousand","1082",""
"Kyrgyzstan","Total 10-19 yr","2011","UN_United Nations Population Division","Percent","20",""
"Lao People's Democratic Republic","Total <18 yr","2011","UN_United Nations Population Division","Thousand","2581",""
"Lao People's Democratic Republic","Total <5 yr","2011","UN_United Nations Population Division","Thousand","682",""
"Lao People's Democratic Republic","Total","2011","UN_United Nations Population Division","Thousand","6288",""
"Lao People's Democratic Republic","Total 10-19 yr","2011","UN_United Nations Population Division","Thousand","1509",""
"Lao People's Democratic Republic","Total 10-19 yr","2011","UN_United Nations Population Division","Percent","24",""
"Latin America and Caribbean","Total <18 yr","2011","UN_United Nations Population Division","Thousand","195081","1"
"Latin America and Caribbean","Total <5 yr","2011","UN_United Nations Population Division","Thousand","52898","1"
"Latin America and Caribbean","Total","2011","UN_United Nations Population Division","Thousand","591212","1"
"Latin America and Caribbean","Total 10-19 yr","2011","UN_United Nations Population Division","Thousand","108552","1"
"Latin America and Caribbean","Total 10-19 yr","2011","UN_United Nations Population Division","Percent","18","1"
"Latvia","Total <18 yr","2011","UN_United Nations Population Division","Thousand","382",""
"Latvia","Total <5 yr","2011","UN_United Nations Population Division","Thousand","117",""
"Latvia","Total","2011","UN_United Nations Population Division","Thousand","2243",""
"Latvia","Total 10-19 yr","2011","UN_United Nations Population Division","Thousand","216",""
"Latvia","Total 10-19 yr","2011","UN_United Nations Population Division","Percent","10",""
"Least Developed Countries/Territories","Total <18 yr","2011","UN_United Nations Population Division","Thousand","395405","1"
"Least Developed Countries/Territories","Total <5 yr","2011","UN_United Nations Population Division","Thousand","124162","1"
"Least Developed Countries/Territories","Total","2011","UN_United Nations Population Division","Thousand","851103","1"
"Least Developed Countries/Territories","Total 10-19 yr","2011","UN_United Nations Population Division","Thousand","193984","1"
"Least Developed Countries/Territories","Total 10-19 yr","2011","UN_United Nations Population Division","Percent","23","1"
"Lebanon","Total <18 yr","2011","UN_United Nations Population Division","Thousand","1271",""
"Lebanon","Total <5 yr","2011","UN_United Nations Population Division","Thousand","328",""
"Lebanon","Total","2011","UN_United Nations Population Division","Thousand","4259",""
"Lebanon","Total 10-19 yr","2011","UN_United Nations Population Division","Thousand","772",""
"Lebanon","Total 10-19 yr","2011","UN_United Nations Population Division","Percent","18",""
"Lesotho","Total <18 yr","2011","UN_United Nations Population Division","Thousand","970",""
"Lesotho","Total <5 yr","2011","UN_United Nations Population Division","Thousand","276",""
"Lesotho","Total","2011","UN_United Nations Population Division","Thousand","2194",""
"Lesotho","Total 10-19 yr","2011","UN_United Nations Population Division","Thousand","531",""
"Lesotho","Total 10-19 yr","2011","UN_United Nations Population Division","Percent","24",""
"Liberia","Total <18 yr","2011","UN_United Nations Population Division","Thousand","2057",""
"Liberia","Total <5 yr","2011","UN_United Nations Population Division","Thousand","700",""
"Liberia","Total","2011","UN_United Nations Population Division","Thousand","4129",""
"Liberia","Total 10-19 yr","2011","UN_United Nations Population Division","Thousand","921",""
"Liberia","Total 10-19 yr","2011","UN_United Nations Population Division","Percent","22",""
"Libya","Total <18 yr","2011","UN_United Nations Population Division","Thousand","2293",""
"Libya","Total <5 yr","2011","UN_United Nations Population Division","Thousand","717",""
"Libya","Total","2011","UN_United Nations Population Division","Thousand","6423",""
"Libya","Total 10-19 yr","2011","UN_United Nations Population Division","Thousand","1117",""
"Libya","Total 10-19 yr","2011","UN_United Nations Population Division","Percent","17",""
"Liechtenstein","Total <18 yr","2011","UN_United Nations Population Division","Thousand","7",""
"Liechtenstein","Total <5 yr","2011","UN_United Nations Population Division","Thousand","2",""
"Liechtenstein","Total","2011","UN_United Nations Population Division","Thousand","36",""
"Lithuania","Total <18 yr","2011","UN_United Nations Population Division","Thousand","616",""
"Lithuania","Total <5 yr","2011","UN_United Nations Population Division","Thousand","173",""
"Lithuania","Total","2011","UN_United Nations Population Division","Thousand","3307",""
"Lithuania","Total 10-19 yr","2011","UN_United Nations Population Division","Thousand","391",""
"Lithuania","Total 10-19 yr","2011","UN_United Nations Population Division","Percent","12",""
"Luxembourg","Total <18 yr","2011","UN_United Nations Population Division","Thousand","110",""
"Luxembourg","Total <5 yr","2011","UN_United Nations Population Division","Thousand","29",""
"Luxembourg","Total","2011","UN_United Nations Population Division","Thousand","516",""
"Luxembourg","Total 10-19 yr","2011","UN_United Nations Population Division","Thousand","63",""
"Luxembourg","Total 10-19 yr","2011","UN_United Nations Population Division","Percent","12",""
"Madagascar","Total <18 yr","2011","UN_United Nations Population Division","Thousand","10570",""
"Madagascar","Total <5 yr","2011","UN_United Nations Population Division","Thousand","3378",""
"Madagascar","Total","2011","UN_United Nations Population Division","Thousand","21315",""
"Madagascar","Total 10-19 yr","2011","UN_United Nations Population Division","Thousand","5060",""
"Madagascar","Total 10-19 yr","2011","UN_United Nations Population Division","Percent","24",""
"Malawi","Total <18 yr","2011","UN_United Nations Population Division","Thousand","8116",""
"Malawi","Total <5 yr","2011","UN_United Nations Population Division","Thousand","2829",""
"Malawi","Total","2011","UN_United Nations Population Division","Thousand","15381",""
"Malawi","Total 10-19 yr","2011","UN_United Nations Population Division","Thousand","3673",""
"Malawi","Total 10-19 yr","2011","UN_United Nations Population Division","Percent","24",""
"Malaysia","Total <18 yr","2011","UN_United Nations Population Division","Thousand","10244",""
"Malaysia","Total <5 yr","2011","UN_United Nations Population Division","Thousand","2796",""
"Malaysia","Total","2011","UN_United Nations Population Division","Thousand","28859",""
"Malaysia","Total 10-19 yr","2011","UN_United Nations Population Division","Thousand","5537",""
"Malaysia","Total 10-19 yr","2011","UN_United Nations Population Division","Percent","19",""
"Maldives","Total <18 yr","2011","UN_United Nations Population Division","Thousand","104",""
"Maldives","Total <5 yr","2011","UN_United Nations Population Division","Thousand","26",""
"Maldives","Total","2011","UN_United Nations Population Division","Thousand","320",""
"Maldives","Total 10-19 yr","2011","UN_United Nations Population Division","Thousand","66",""
"Maldives","Total 10-19 yr","2011","UN_United Nations Population Division","Percent","21",""
"Mali","Total <18 yr","2011","UN_United Nations Population Division","Thousand","8525",""
"Mali","Total <5 yr","2011","UN_United Nations Population Division","Thousand","2995",""
"Mali","Total","2011","UN_United Nations Population Division","Thousand","15840",""
"Mali","Total 10-19 yr","2011","UN_United Nations Population Division","Thousand","3723",""
"Mali","Total 10-19 yr","2011","UN_United Nations Population Division","Percent","24",""
"Malta","Total <18 yr","2011","UN_United Nations Population Division","Thousand","77",""
"Malta","Total <5 yr","2011","UN_United Nations Population Division","Thousand","20",""
"Malta","Total","2011","UN_United Nations Population Division","Thousand","418",""
"Malta","Total 10-19 yr","2011","UN_United Nations Population Division","Thousand","50",""
"Malta","Total 10-19 yr","2011","UN_United Nations Population Division","Percent","12",""
"Marshall Islands","Total <18 yr","2011","UN_United Nations Population Division","Thousand","20",""
"Marshall Islands","Total <5 yr","2011","UN_United Nations Population Division","Thousand","5",""
"Marshall Islands","Total","2011","UN_United Nations Population Division","Thousand","55",""
"Mauritania","Total <18 yr","2011","UN_United Nations Population Division","Thousand","1635",""
"Mauritania","Total <5 yr","2011","UN_United Nations Population Division","Thousand","522",""
"Mauritania","Total","2011","UN_United Nations Population Division","Thousand","3542",""
"Mauritania","Total 10-19 yr","2011","UN_United Nations Population Division","Thousand","791",""
"Mauritania","Total 10-19 yr","2011","UN_United Nations Population Division","Percent","22",""
"Mauritius","Total <18 yr","2011","UN_United Nations Population Division","Thousand","344",""
"Mauritius","Total <5 yr","2011","UN_United Nations Population Division","Thousand","81",""
"Mauritius","Total","2011","UN_United Nations Population Division","Thousand","1307",""
"Mauritius","Total 10-19 yr","2011","UN_United Nations Population Division","Thousand","211",""
"Mauritius","Total 10-19 yr","2011","UN_United Nations Population Division","Percent","16",""
"Mexico","Total <18 yr","2011","UN_United Nations Population Division","Thousand","39440",""
"Mexico","Total <5 yr","2011","UN_United Nations Population Division","Thousand","10943",""
"Mexico","Total","2011","UN_United Nations Population Division","Thousand","114793",""
"Mexico","Total 10-19 yr","2011","UN_United Nations Population Division","Thousand","21658",""
"Mexico","Total 10-19 yr","2011","UN_United Nations Population Division","Percent","19",""
"Micronesia (Federated States of)","Total <18 yr","2011","UN_United Nations Population Division","Thousand","48",""
"Micronesia (Federated States of)","Total <5 yr","2011","UN_United Nations Population Division","Thousand","13",""
"Micronesia (Federated States of)","Total","2011","UN_United Nations Population Division","Thousand","112",""
"Micronesia (Federated States of)","Total 10-19 yr","2011","UN_United Nations Population Division","Thousand","27",""
"Micronesia (Federated States of)","Total 10-19 yr","2011","UN_United Nations Population Division","Percent","24",""
"Middle East and North Africa","Total <18 yr","2011","UN_United Nations Population Division","Thousand","157845","1"
"Middle East and North Africa","Total <5 yr","2011","UN_United Nations Population Division","Thousand","48169","1"
"Middle East and North Africa","Total","2011","UN_United Nations Population Division","Thousand","415633","1"
"Middle East and North Africa","Total 10-19 yr","2011","UN_United Nations Population Division","Thousand","82134","1"
"Middle East and North Africa","Total 10-19 yr","2011","UN_United Nations Population Division","Percent","20","1"
"Monaco","Total <18 yr","2011","UN_United Nations Population Division","Thousand","7",""
"Monaco","Total <5 yr","2011","UN_United Nations Population Division","Thousand","2",""
"Monaco","Total","2011","UN_United Nations Population Division","Thousand","35",""
"Mongolia","Total <18 yr","2011","UN_United Nations Population Division","Thousand","934",""
"Mongolia","Total <5 yr","2011","UN_United Nations Population Division","Thousand","317",""
"Mongolia","Total","2011","UN_United Nations Population Division","Thousand","2800",""
"Mongolia","Total 10-19 yr","2011","UN_United Nations Population Division","Thousand","500",""
"Mongolia","Total 10-19 yr","2011","UN_United Nations Population Division","Percent","18",""
"Montenegro","Total <18 yr","2011","UN_United Nations Population Division","Thousand","145",""
"Montenegro","Total <5 yr","2011","UN_United Nations Population Division","Thousand","39",""
"Montenegro","Total","2011","UN_United Nations Population Division","Thousand","632",""
"Montenegro","Total 10-19 yr","2011","UN_United Nations Population Division","Thousand","83",""
"Montenegro","Total 10-19 yr","2011","UN_United Nations Population Division","Percent","13",""
"Morocco","Total <18 yr","2011","UN_United Nations Population Division","Thousand","10790",""
"Morocco","Total <5 yr","2011","UN_United Nations Population Division","Thousand","3048",""
"Morocco","Total","2011","UN_United Nations Population Division","Thousand","32273",""
"Morocco","Total 10-19 yr","2011","UN_United Nations Population Division","Thousand","6094",""
"Morocco","Total 10-19 yr","2011","UN_United Nations Population Division","Percent","19",""
"Mozambique","Total <18 yr","2011","UN_United Nations Population Division","Thousand","12086",""
"Mozambique","Total <5 yr","2011","UN_United Nations Population Division","Thousand","3877",""
"Mozambique","Total","2011","UN_United Nations Population Division","Thousand","23930",""
"Mozambique","Total 10-19 yr","2011","UN_United Nations Population Division","Thousand","5577",""
"Mozambique","Total 10-19 yr","2011","UN_United Nations Population Division","Percent","23",""
"Myanmar","Total <18 yr","2011","UN_United Nations Population Division","Thousand","14832",""
"Myanmar","Total <5 yr","2011","UN_United Nations Population Division","Thousand","3981",""
"Myanmar","Total","2011","UN_United Nations Population Division","Thousand","48337",""
"Myanmar","Total 10-19 yr","2011","UN_United Nations Population Division","Thousand","8665",""
"Myanmar","Total 10-19 yr","2011","UN_United Nations Population Division","Percent","18",""
"Namibia","Total <18 yr","2011","UN_United Nations Population Division","Thousand","994",""
"Namibia","Total <5 yr","2011","UN_United Nations Population Division","Thousand","288",""
"Namibia","Total","2011","UN_United Nations Population Division","Thousand","2324",""
"Namibia","Total 10-19 yr","2011","UN_United Nations Population Division","Thousand","530",""
"Namibia","Total 10-19 yr","2011","UN_United Nations Population Division","Percent","23",""
"Nauru","Total <18 yr","2011","UN_United Nations Population Division","Thousand","4",""
"Nauru","Total <5 yr","2011","UN_United Nations Population Division","Thousand","1",""
"Nauru","Total","2011","UN_United Nations Population Division","Thousand","10",""
"Nepal","Total <18 yr","2011","UN_United Nations Population Division","Thousand","12883",""
"Nepal","Total <5 yr","2011","UN_United Nations Population Division","Thousand","3453",""
"Nepal","Total","2011","UN_United Nations Population Division","Thousand","30486",""
"Nepal","Total 10-19 yr","2011","UN_United Nations Population Division","Thousand","7043",""
"Nepal","Total 10-19 yr","2011","UN_United Nations Population Division","Percent","23",""
"Netherlands","Total <18 yr","2011","UN_United Nations Population Division","Thousand","3526",""
"Netherlands","Total <5 yr","2011","UN_United Nations Population Division","Thousand","907",""
"Netherlands","Total","2011","UN_United Nations Population Division","Thousand","16665",""
"Netherlands","Total 10-19 yr","2011","UN_United Nations Population Division","Thousand","2019",""
"Netherlands","Total 10-19 yr","2011","UN_United Nations Population Division","Percent","12",""
"New Zealand","Total <18 yr","2011","UN_United Nations Population Division","Thousand","1091",""
"New Zealand","Total <5 yr","2011","UN_United Nations Population Division","Thousand","320",""
"New Zealand","Total","2011","UN_United Nations Population Division","Thousand","4415",""
"New Zealand","Total 10-19 yr","2011","UN_United Nations Population Division","Thousand","612",""
"New Zealand","Total 10-19 yr","2011","UN_United Nations Population Division","Percent","14",""
"Nicaragua","Total <18 yr","2011","UN_United Nations Population Division","Thousand","2390",""
"Nicaragua","Total <5 yr","2011","UN_United Nations Population Division","Thousand","684",""
"Nicaragua","Total","2011","UN_United Nations Population Division","Thousand","5870",""
"Nicaragua","Total 10-19 yr","2011","UN_United Nations Population Division","Thousand","1319",""
"Nicaragua","Total 10-19 yr","2011","UN_United Nations Population Division","Percent","22",""
"Niger","Total <18 yr","2011","UN_United Nations Population Division","Thousand","8922",""
"Niger","Total <5 yr","2011","UN_United Nations Population Division","Thousand","3196",""
"Niger","Total","2011","UN_United Nations Population Division","Thousand","16069",""
"Niger","Total 10-19 yr","2011","UN_United Nations Population Division","Thousand","3776",""
"Niger","Total 10-19 yr","2011","UN_United Nations Population Division","Percent","24",""
"Nigeria","Total <18 yr","2011","UN_United Nations Population Division","Thousand","79931",""
"Nigeria","Total <5 yr","2011","UN_United Nations Population Division","Thousand","27195",""
"Nigeria","Total","2011","UN_United Nations Population Division","Thousand","162471",""
"Nigeria","Total 10-19 yr","2011","UN_United Nations Population Division","Thousand","36205",""
"Nigeria","Total 10-19 yr","2011","UN_United Nations Population Division","Percent","22",""
"Niue","Total <18 yr","2011","UN_United Nations Population Division","Thousand","1",""
"Niue","Total <5 yr","2011","UN_United Nations Population Division","Thousand","0",""
"Niue","Total","2011","UN_United Nations Population Division","Thousand","1",""
"Norway","Total <18 yr","2011","UN_United Nations Population Division","Thousand","1117",""
"Norway","Total <5 yr","2011","UN_United Nations Population Division","Thousand","309",""
"Norway","Total","2011","UN_United Nations Population Division","Thousand","4925",""
"Norway","Total 10-19 yr","2011","UN_United Nations Population Division","Thousand","646",""
"Norway","Total 10-19 yr","2011","UN_United Nations Population Division","Percent","13",""
"Oman","Total <18 yr","2011","UN_United Nations Population Division","Thousand","910",""
"Oman","Total <5 yr","2011","UN_United Nations Population Division","Thousand","290",""
"Oman","Total","2011","UN_United Nations Population Division","Thousand","2846",""
"Oman","Total 10-19 yr","2011","UN_United Nations Population Division","Thousand","462",""
"Oman","Total 10-19 yr","2011","UN_United Nations Population Division","Percent","16",""
"Pakistan","Total <18 yr","2011","UN_United Nations Population Division","Thousand","73756",""
"Pakistan","Total <5 yr","2011","UN_United Nations Population Division","Thousand","22064",""
"Pakistan","Total","2011","UN_United Nations Population Division","Thousand","176745",""
"Pakistan","Total 10-19 yr","2011","UN_United Nations Population Division","Thousand","39894",""
"Pakistan","Total 10-19 yr","2011","UN_United Nations Population Division","Percent","23",""
"Palau","Total <18 yr","2011","UN_United Nations Population Division","Thousand","7",""
"Palau","Total <5 yr","2011","UN_United Nations Population Division","Thousand","2",""
"Palau","Total","2011","UN_United Nations Population Division","Thousand","21",""
"Panama","Total <18 yr","2011","UN_United Nations Population Division","Thousand","1213",""
"Panama","Total <5 yr","2011","UN_United Nations Population Division","Thousand","345",""
"Panama","Total","2011","UN_United Nations Population Division","Thousand","3571",""
"Panama","Total 10-19 yr","2011","UN_United Nations Population Division","Thousand","646",""
"Panama","Total 10-19 yr","2011","UN_United Nations Population Division","Percent","18",""
"Papua New Guinea","Total <18 yr","2011","UN_United Nations Population Division","Thousand","3168",""
"Papua New Guinea","Total <5 yr","2011","UN_United Nations Population Division","Thousand","975",""
"Papua New Guinea","Total","2011","UN_United Nations Population Division","Thousand","7014",""
"Papua New Guinea","Total 10-19 yr","2011","UN_United Nations Population Division","Thousand","1561",""
"Papua New Guinea","Total 10-19 yr","2011","UN_United Nations Population Division","Percent","22",""
"Paraguay","Total <18 yr","2011","UN_United Nations Population Division","Thousand","2587",""
"Paraguay","Total <5 yr","2011","UN_United Nations Population Division","Thousand","744",""
"Paraguay","Total","2011","UN_United Nations Population Division","Thousand","6568",""
"Paraguay","Total 10-19 yr","2011","UN_United Nations Population Division","Thousand","1385",""
"Paraguay","Total 10-19 yr","2011","UN_United Nations Population Division","Percent","21",""
"Peru","Total <18 yr","2011","UN_United Nations Population Division","Thousand","10421",""
"Peru","Total <5 yr","2011","UN_United Nations Population Division","Thousand","2902",""
"Peru","Total","2011","UN_United Nations Population Division","Thousand","29400",""
"Peru","Total 10-19 yr","2011","UN_United Nations Population Division","Thousand","5769",""
"Peru","Total 10-19 yr","2011","UN_United Nations Population Division","Percent","20",""
"Philippines","Total <18 yr","2011","UN_United Nations Population Division","Thousand","39205",""
"Philippines","Total <5 yr","2011","UN_United Nations Population Division","Thousand","11161",""
"Philippines","Total","2011","UN_United Nations Population Division","Thousand","94852",""
"Philippines","Total 10-19 yr","2011","UN_United Nations Population Division","Thousand","20508",""
"Philippines","Total 10-19 yr","2011","UN_United Nations Population Division","Percent","22",""
"Poland","Total <18 yr","2011","UN_United Nations Population Division","Thousand","7023",""
"Poland","Total <5 yr","2011","UN_United Nations Population Division","Thousand","2008",""
"Poland","Total","2011","UN_United Nations Population Division","Thousand","38299",""
"Poland","Total 10-19 yr","2011","UN_United Nations Population Division","Thousand","4300",""
"Poland","Total 10-19 yr","2011","UN_United Nations Population Division","Percent","11",""
"Portugal","Total <18 yr","2011","UN_United Nations Population Division","Thousand","1930",""
"Portugal","Total <5 yr","2011","UN_United Nations Population Division","Thousand","501",""
"Portugal","Total","2011","UN_United Nations Population Division","Thousand","10690",""
"Portugal","Total 10-19 yr","2011","UN_United Nations Population Division","Thousand","1100",""
"Portugal","Total 10-19 yr","2011","UN_United Nations Population Division","Percent","10",""
"Qatar","Total <18 yr","2011","UN_United Nations Population Division","Thousand","302",""
"Qatar","Total <5 yr","2011","UN_United Nations Population Division","Thousand","97",""
"Qatar","Total","2011","UN_United Nations Population Division","Thousand","1870",""
"Qatar","Total 10-19 yr","2011","UN_United Nations Population Division","Thousand","151",""
"Qatar","Total 10-19 yr","2011","UN_United Nations Population Division","Percent","8",""
"Republic of Korea","Total <18 yr","2011","UN_United Nations Population Division","Thousand","9842",""
"Republic of Korea","Total <5 yr","2011","UN_United Nations Population Division","Thousand","2488",""
"Republic of Korea","Total","2011","UN_United Nations Population Division","Thousand","48391",""
"Republic of Korea","Total 10-19 yr","2011","UN_United Nations Population Division","Thousand","6458",""
"Republic of Korea","Total 10-19 yr","2011","UN_United Nations Population Division","Percent","13",""
"Republic of Moldova","Total <18 yr","2011","UN_United Nations Population Division","Thousand","740",""
"Republic of Moldova","Total <5 yr","2011","UN_United Nations Population Division","Thousand","223",""
"Republic of Moldova","Total","2011","UN_United Nations Population Division","Thousand","3545",""
"Republic of Moldova","Total 10-19 yr","2011","UN_United Nations Population Division","Thousand","459",""
"Republic of Moldova","Total 10-19 yr","2011","UN_United Nations Population Division","Percent","13",""
"Romania","Total <18 yr","2011","UN_United Nations Population Division","Thousand","3928",""
"Romania","Total <5 yr","2011","UN_United Nations Population Division","Thousand","1093",""
"Romania","Total","2011","UN_United Nations Population Division","Thousand","21436",""
"Romania","Total 10-19 yr","2011","UN_United Nations Population Division","Thousand","2252",""
"Romania","Total 10-19 yr","2011","UN_United Nations Population Division","Percent","11",""
"Russian Federation","Total <18 yr","2011","UN_United Nations Population Division","Thousand","26115",""
"Russian Federation","Total <5 yr","2011","UN_United Nations Population Division","Thousand","8264",""
"Russian Federation","Total","2011","UN_United Nations Population Division","Thousand","142836",""
"Russian Federation","Total 10-19 yr","2011","UN_United Nations Population Division","Thousand","14023",""
"Russian Federation","Total 10-19 yr","2011","UN_United Nations Population Division","Percent","10",""
"Rwanda","Total <18 yr","2011","UN_United Nations Population Division","Thousand","5352",""
"Rwanda","Total <5 yr","2011","UN_United Nations Population Division","Thousand","1909",""
"Rwanda","Total","2011","UN_United Nations Population Division","Thousand","10943",""
"Rwanda","Total 10-19 yr","2011","UN_United Nations Population Division","Thousand","2356",""
"Rwanda","Total 10-19 yr","2011","UN_United Nations Population Division","Percent","22",""
"Saint Kitts and Nevis","Total <18 yr","2011","UN_United Nations Population Division","Thousand","17",""
"Saint Kitts and Nevis","Total <5 yr","2011","UN_United Nations Population Division","Thousand","5",""
"Saint Kitts and Nevis","Total","2011","UN_United Nations Population Division","Thousand","53",""
"Saint Lucia","Total <18 yr","2011","UN_United Nations Population Division","Thousand","55",""
"Saint Lucia","Total <5 yr","2011","UN_United Nations Population Division","Thousand","15",""
"Saint Lucia","Total","2011","UN_United Nations Population Division","Thousand","176",""
"Saint Lucia","Total 10-19 yr","2011","UN_United Nations Population Division","Thousand","32",""
"Saint Lucia","Total 10-19 yr","2011","UN_United Nations Population Division","Percent","18",""
"Saint Vincent and the Grenadines","Total <18 yr","2011","UN_United Nations Population Division","Thousand","35",""
"Saint Vincent and the Grenadines","Total <5 yr","2011","UN_United Nations Population Division","Thousand","9",""
"Saint Vincent and the Grenadines","Total","2011","UN_United Nations Population Division","Thousand","109",""
"Saint Vincent and the Grenadines","Total 10-19 yr","2011","UN_United Nations Population Division","Thousand","21",""
"Saint Vincent and the Grenadines","Total 10-19 yr","2011","UN_United Nations Population Division","Percent","19",""
"Samoa","Total <18 yr","2011","UN_United Nations Population Division","Thousand","81",""
"Samoa","Total <5 yr","2011","UN_United Nations Population Division","Thousand","22",""
"Samoa","Total","2011","UN_United Nations Population Division","Thousand","184",""
"Samoa","Total 10-19 yr","2011","UN_United Nations Population Division","Thousand","44",""
"Samoa","Total 10-19 yr","2011","UN_United Nations Population Division","Percent","24",""
"San Marino","Total <18 yr","2011","UN_United Nations Population Division","Thousand","6",""
"San Marino","Total <5 yr","2011","UN_United Nations Population Division","Thousand","2",""
"San Marino","Total","2011","UN_United Nations Population Division","Thousand","32",""
"Sao Tome and Principe","Total <18 yr","2011","UN_United Nations Population Division","Thousand","79",""
"Sao Tome and Principe","Total <5 yr","2011","UN_United Nations Population Division","Thousand","24",""
"Sao Tome and Principe","Total","2011","UN_United Nations Population Division","Thousand","169",""
"Sao Tome and Principe","Total 10-19 yr","2011","UN_United Nations Population Division","Thousand","40",""
"Sao Tome and Principe","Total 10-19 yr","2011","UN_United Nations Population Division","Percent","24",""
"Saudi Arabia","Total <18 yr","2011","UN_United Nations Population Division","Thousand","9923",""
"Saudi Arabia","Total <5 yr","2011","UN_United Nations Population Division","Thousand","3186",""
"Saudi Arabia","Total","2011","UN_United Nations Population Division","Thousand","28083",""
"Saudi Arabia","Total 10-19 yr","2011","UN_United Nations Population Division","Thousand","4926",""
"Saudi Arabia","Total 10-19 yr","2011","UN_United Nations Population Division","Percent","18",""
"Senegal","Total <18 yr","2011","UN_United Nations Population Division","Thousand","6425",""
"Senegal","Total <5 yr","2011","UN_United Nations Population Division","Thousand","2125",""
"Senegal","Total","2011","UN_United Nations Population Division","Thousand","12768",""
"Senegal","Total 10-19 yr","2011","UN_United Nations Population Division","Thousand","3004",""
"Senegal","Total 10-19 yr","2011","UN_United Nations Population Division","Percent","24",""
"Serbia","Total <18 yr","2011","UN_United Nations Population Division","Thousand","2089",""
"Serbia","Total <5 yr","2011","UN_United Nations Population Division","Thousand","551",""
"Serbia","Total","2011","UN_United Nations Population Division","Thousand","9854",""
"Serbia","Total 10-19 yr","2011","UN_United Nations Population Division","Thousand","1207",""
"Serbia","Total 10-19 yr","2011","UN_United Nations Population Division","Percent","12",""
"Seychelles","Total <18 yr","2011","UN_United Nations Population Division","Thousand","43",""
"Seychelles","Total <5 yr","2011","UN_United Nations Population Division","Thousand","14",""
"Seychelles","Total","2011","UN_United Nations Population Division","Thousand","87",""
"Sierra Leone","Total <18 yr","2011","UN_United Nations Population Division","Thousand","2965",""
"Sierra Leone","Total <5 yr","2011","UN_United Nations Population Division","Thousand","984",""
"Sierra Leone","Total","2011","UN_United Nations Population Division","Thousand","5997",""
"Sierra Leone","Total 10-19 yr","2011","UN_United Nations Population Division","Thousand","1366",""
"Sierra Leone","Total 10-19 yr","2011","UN_United Nations Population Division","Percent","23",""
"Singapore","Total <18 yr","2011","UN_United Nations Population Division","Thousand","1104",""
"Singapore","Total <5 yr","2011","UN_United Nations Population Division","Thousand","238",""
"Singapore","Total","2011","UN_United Nations Population Division","Thousand","5188",""
"Singapore","Total 10-19 yr","2011","UN_United Nations Population Division","Thousand","747",""
"Singapore","Total 10-19 yr","2011","UN_United Nations Population Division","Percent","14",""
"Slovakia","Total <18 yr","2011","UN_United Nations Population Division","Thousand","1024",""
"Slovakia","Total <5 yr","2011","UN_United Nations Population Division","Thousand","281",""
"Slovakia","Total","2011","UN_United Nations Population Division","Thousand","5472",""
"Slovakia","Total 10-19 yr","2011","UN_United Nations Population Division","Thousand","635",""
"Slovakia","Total 10-19 yr","2011","UN_United Nations Population Division","Percent","12",""
"Slovenia","Total <18 yr","2011","UN_United Nations Population Division","Thousand","344",""
"Slovenia","Total <5 yr","2011","UN_United Nations Population Division","Thousand","102",""
"Slovenia","Total","2011","UN_United Nations Population Division","Thousand","2035",""
"Slovenia","Total 10-19 yr","2011","UN_United Nations Population Division","Thousand","193",""
"Slovenia","Total 10-19 yr","2011","UN_United Nations Population Division","Percent","9",""
"Solomon Islands","Total <18 yr","2011","UN_United Nations Population Division","Thousand","254",""
"Solomon Islands","Total <5 yr","2011","UN_United Nations Population Division","Thousand","81",""
"Solomon Islands","Total","2011","UN_United Nations Population Division","Thousand","552",""
"Solomon Islands","Total 10-19 yr","2011","UN_United Nations Population Division","Thousand","121",""
"Solomon Islands","Total 10-19 yr","2011","UN_United Nations Population Division","Percent","22",""
"Somalia","Total <18 yr","2011","UN_United Nations Population Division","Thousand","4896",""
"Somalia","Total <5 yr","2011","UN_United Nations Population Division","Thousand","1701",""
"Somalia","Total","2011","UN_United Nations Population Division","Thousand","9557",""
"Somalia","Total 10-19 yr","2011","UN_United Nations Population Division","Thousand","2140",""
"Somalia","Total 10-19 yr","2011","UN_United Nations Population Division","Percent","22",""
"South Africa","Total <18 yr","2011","UN_United Nations Population Division","Thousand","18045",""
"South Africa","Total <5 yr","2011","UN_United Nations Population Division","Thousand","4989",""
"South Africa","Total","2011","UN_United Nations Population Division","Thousand","50460",""
"South Africa","Total 10-19 yr","2011","UN_United Nations Population Division","Thousand","9940",""
"South Africa","Total 10-19 yr","2011","UN_United Nations Population Division","Percent","20",""
"South Asia","Total <18 yr","2011","UN_United Nations Population Division","Thousand","614255","1"
"South Asia","Total <5 yr","2011","UN_United Nations Population Division","Thousand","176150","1"
"South Asia","Total","2011","UN_United Nations Population Division","Thousand","1653679","1"
"South Asia","Total 10-19 yr","2011","UN_United Nations Population Division","Thousand","333425","1"
"South Asia","Total 10-19 yr","2011","UN_United Nations Population Division","Percent","20","1"
"South Sudan","Total","2011","UN_United Nations Population Division","Thousand","10314","2"
"Spain","Total <18 yr","2011","UN_United Nations Population Division","Thousand","8306",""
"Spain","Total <5 yr","2011","UN_United Nations Population Division","Thousand","2546",""
"Spain","Total","2011","UN_United Nations Population Division","Thousand","46455",""
"Spain","Total 10-19 yr","2011","UN_United Nations Population Division","Thousand","4299",""
"Spain","Total 10-19 yr","2011","UN_United Nations Population Division","Percent","9",""
"Sri Lanka","Total <18 yr","2011","UN_United Nations Population Division","Thousand","6183",""
"Sri Lanka","Total <5 yr","2011","UN_United Nations Population Division","Thousand","1886",""
"Sri Lanka","Total","2011","UN_United Nations Population Division","Thousand","21045",""
"Sri Lanka","Total 10-19 yr","2011","UN_United Nations Population Division","Thousand","3165",""
"Sri Lanka","Total 10-19 yr","2011","UN_United Nations Population Division","Percent","15",""
"State of Palestine","Total <18 yr","2011","UN_United Nations Population Division","Thousand","2051",""
"State of Palestine","Total <5 yr","2011","UN_United Nations Population Division","Thousand","635",""
"State of Palestine","Total","2011","UN_United Nations Population Division","Thousand","4152",""
"State of Palestine","Total 10-19 yr","2011","UN_United Nations Population Division","Thousand","1040",""
"State of Palestine","Total 10-19 yr","2011","UN_United Nations Population Division","Percent","25",""
"Sub-Saharan Africa","Total <18 yr","2011","UN_United Nations Population Division","Thousand","428333","1"
"Sub-Saharan Africa","Total <5 yr","2011","UN_United Nations Population Division","Thousand","140617","1"
"Sub-Saharan Africa","Total","2011","UN_United Nations Population Division","Thousand","876497","1"
"Sub-Saharan Africa","Total 10-19 yr","2011","UN_United Nations Population Division","Thousand","200971","1"
"Sub-Saharan Africa","Total 10-19 yr","2011","UN_United Nations Population Division","Percent","23","1"
"Sudan","Total","2011","UN_United Nations Population Division","Thousand","34318","2"
"Sudan (pre-cession)","Total <18 yr","2011","UN_United Nations Population Division","Thousand","20660","2"
"Sudan (pre-cession)","Total <5 yr","2011","UN_United Nations Population Division","Thousand","6472","2"
"Sudan (pre-cession)","Total 10-19 yr","2011","UN_United Nations Population Division","Thousand","10044","2"
"Sudan (pre-cession)","Total 10-19 yr","2011","UN_United Nations Population Division","Percent","23","2"
"Suriname","Total <18 yr","2011","UN_United Nations Population Division","Thousand","176",""
"Suriname","Total <5 yr","2011","UN_United Nations Population Division","Thousand","47",""
"Suriname","Total","2011","UN_United Nations Population Division","Thousand","529",""
"Suriname","Total 10-19 yr","2011","UN_United Nations Population Division","Thousand","96",""
"Suriname","Total 10-19 yr","2011","UN_United Nations Population Division","Percent","18",""
"Swaziland","Total <18 yr","2011","UN_United Nations Population Division","Thousand","548",""
"Swaziland","Total <5 yr","2011","UN_United Nations Population Division","Thousand","158",""
"Swaziland","Total","2011","UN_United Nations Population Division","Thousand","1203",""
"Swaziland","Total 10-19 yr","2011","UN_United Nations Population Division","Thousand","301",""
"Swaziland","Total 10-19 yr","2011","UN_United Nations Population Division","Percent","25",""
"Sweden","Total <18 yr","2011","UN_United Nations Population Division","Thousand","1916",""
"Sweden","Total <5 yr","2011","UN_United Nations Population Division","Thousand","562",""
"Sweden","Total","2011","UN_United Nations Population Division","Thousand","9441",""
"Sweden","Total 10-19 yr","2011","UN_United Nations Population Division","Thousand","1097",""
"Sweden","Total 10-19 yr","2011","UN_United Nations Population Division","Percent","12",""
"Switzerland","Total <18 yr","2011","UN_United Nations Population Division","Thousand","1435",""
"Switzerland","Total <5 yr","2011","UN_United Nations Population Division","Thousand","382",""
"Switzerland","Total","2011","UN_United Nations Population Division","Thousand","7702",""
"Switzerland","Total 10-19 yr","2011","UN_United Nations Population Division","Thousand","867",""
"Switzerland","Total 10-19 yr","2011","UN_United Nations Population Division","Percent","11",""
"Syrian Arab Republic","Total <18 yr","2011","UN_United Nations Population Division","Thousand","8923",""
"Syrian Arab Republic","Total <5 yr","2011","UN_United Nations Population Division","Thousand","2446",""
"Syrian Arab Republic","Total","2011","UN_United Nations Population Division","Thousand","20766",""
"Syrian Arab Republic","Total 10-19 yr","2011","UN_United Nations Population Division","Thousand","4786",""
"Syrian Arab Republic","Total 10-19 yr","2011","UN_United Nations Population Division","Percent","23",""
"Tajikistan","Total <18 yr","2011","UN_United Nations Population Division","Thousand","3052",""
"Tajikistan","Total <5 yr","2011","UN_United Nations Population Division","Thousand","883",""
"Tajikistan","Total","2011","UN_United Nations Population Division","Thousand","6977",""
"Tajikistan","Total 10-19 yr","2011","UN_United Nations Population Division","Thousand","1670",""
"Tajikistan","Total 10-19 yr","2011","UN_United Nations Population Division","Percent","24",""
"Thailand","Total <18 yr","2011","UN_United Nations Population Division","Thousand","17111",""
"Thailand","Total <5 yr","2011","UN_United Nations Population Division","Thousand","4270",""
"Thailand","Total","2011","UN_United Nations Population Division","Thousand","69519",""
"Thailand","Total 10-19 yr","2011","UN_United Nations Population Division","Thousand","10192",""
"Thailand","Total 10-19 yr","2011","UN_United Nations Population Division","Percent","15",""
"The former Yugoslav Republic of Macedonia","Total <18 yr","2011","UN_United Nations Population Division","Thousand","445",""
"The former Yugoslav Republic of Macedonia","Total <5 yr","2011","UN_United Nations Population Division","Thousand","112",""
"The former Yugoslav Republic of Macedonia","Total","2011","UN_United Nations Population Division","Thousand","2064",""
"The former Yugoslav Republic of Macedonia","Total 10-19 yr","2011","UN_United Nations Population Division","Thousand","280",""
"The former Yugoslav Republic of Macedonia","Total 10-19 yr","2011","UN_United Nations Population Division","Percent","14",""
"Timor-Leste","Total <18 yr","2011","UN_United Nations Population Division","Thousand","616",""
"Timor-Leste","Total <5 yr","2011","UN_United Nations Population Division","Thousand","201",""
"Timor-Leste","Total","2011","UN_United Nations Population Division","Thousand","1154",""
"Timor-Leste","Total 10-19 yr","2011","UN_United Nations Population Division","Thousand","301",""
"Timor-Leste","Total 10-19 yr","2011","UN_United Nations Population Division","Percent","26",""
"Togo","Total <18 yr","2011","UN_United Nations Population Division","Thousand","2831",""
"Togo","Total <5 yr","2011","UN_United Nations Population Division","Thousand","870",""
"Togo","Total","2011","UN_United Nations Population Division","Thousand","6155",""
"Togo","Total 10-19 yr","2011","UN_United Nations Population Division","Thousand","1416",""
"Togo","Total 10-19 yr","2011","UN_United Nations Population Division","Percent","23",""
"Tonga","Total <18 yr","2011","UN_United Nations Population Division","Thousand","46",""
"Tonga","Total <5 yr","2011","UN_United Nations Population Division","Thousand","14",""
"Tonga","Total","2011","UN_United Nations Population Division","Thousand","105",""
"Tonga","Total 10-19 yr","2011","UN_United Nations Population Division","Thousand","23",""
"Tonga","Total 10-19 yr","2011","UN_United Nations Population Division","Percent","22",""
"Trinidad and Tobago","Total <18 yr","2011","UN_United Nations Population Division","Thousand","334",""
"Trinidad and Tobago","Total <5 yr","2011","UN_United Nations Population Division","Thousand","96",""
"Trinidad and Tobago","Total","2011","UN_United Nations Population Division","Thousand","1346",""
"Trinidad and Tobago","Total 10-19 yr","2011","UN_United Nations Population Division","Thousand","189",""
"Trinidad and Tobago","Total 10-19 yr","2011","UN_United Nations Population Division","Percent","14",""
"Tunisia","Total <18 yr","2011","UN_United Nations Population Division","Thousand","3001",""
"Tunisia","Total <5 yr","2011","UN_United Nations Population Division","Thousand","885",""
"Tunisia","Total","2011","UN_United Nations Population Division","Thousand","10594",""
"Tunisia","Total 10-19 yr","2011","UN_United Nations Population Division","Thousand","1709",""
"Tunisia","Total 10-19 yr","2011","UN_United Nations Population Division","Percent","16",""
"Turkey","Total <18 yr","2011","UN_United Nations Population Division","Thousand","23107",""
"Turkey","Total <5 yr","2011","UN_United Nations Population Division","Thousand","6489",""
"Turkey","Total","2011","UN_United Nations Population Division","Thousand","73640",""
"Turkey","Total 10-19 yr","2011","UN_United Nations Population Division","Thousand","13004",""
"Turkey","Total 10-19 yr","2011","UN_United Nations Population Division","Percent","18",""
"Turkmenistan","Total <18 yr","2011","UN_United Nations Population Division","Thousand","1785",""
"Turkmenistan","Total <5 yr","2011","UN_United Nations Population Division","Thousand","499",""
"Turkmenistan","Total","2011","UN_United Nations Population Division","Thousand","5105",""
"Turkmenistan","Total 10-19 yr","2011","UN_United Nations Population Division","Thousand","1013",""
"Turkmenistan","Total 10-19 yr","2011","UN_United Nations Population Division","Percent","20",""
"Tuvalu","Total <18 yr","2011","UN_United Nations Population Division","Thousand","4",""
"Tuvalu","Total <5 yr","2011","UN_United Nations Population Division","Thousand","1",""
"Tuvalu","Total","2011","UN_United Nations Population Division","Thousand","10",""
"Uganda","Total <18 yr","2011","UN_United Nations Population Division","Thousand","19042",""
"Uganda","Total <5 yr","2011","UN_United Nations Population Division","Thousand","6638",""
"Uganda","Total","2011","UN_United Nations Population Division","Thousand","34509",""
"Uganda","Total 10-19 yr","2011","UN_United Nations Population Division","Thousand","8326",""
"Uganda","Total 10-19 yr","2011","UN_United Nations Population Division","Percent","24",""
"Ukraine","Total <18 yr","2011","UN_United Nations Population Division","Thousand","7977",""
"Ukraine","Total <5 yr","2011","UN_United Nations Population Division","Thousand","2465",""
"Ukraine","Total","2011","UN_United Nations Population Division","Thousand","45190",""
"Ukraine","Total 10-19 yr","2011","UN_United Nations Population Division","Thousand","4638",""
"Ukraine","Total 10-19 yr","2011","UN_United Nations Population Division","Percent","10",""
"United Arab Emirates","Total <18 yr","2011","UN_United Nations Population Division","Thousand","1590",""
"United Arab Emirates","Total <5 yr","2011","UN_United Nations Population Division","Thousand","451",""
"United Arab Emirates","Total","2011","UN_United Nations Population Division","Thousand","7891",""
"United Arab Emirates","Total 10-19 yr","2011","UN_United Nations Population Division","Thousand","898",""
"United Arab Emirates","Total 10-19 yr","2011","UN_United Nations Population Division","Percent","12",""
"United Kingdom","Total <18 yr","2011","UN_United Nations Population Division","Thousand","13153",""
"United Kingdom","Total <5 yr","2011","UN_United Nations Population Division","Thousand","3858",""
"United Kingdom","Total","2011","UN_United Nations Population Division","Thousand","62417",""
"United Kingdom","Total 10-19 yr","2011","UN_United Nations Population Division","Thousand","7442",""
"United Kingdom","Total 10-19 yr","2011","UN_United Nations Population Division","Percent","12",""
"United Republic of Tanzania","Total <18 yr","2011","UN_United Nations Population Division","Thousand","23690",""
"United Republic of Tanzania","Total <5 yr","2011","UN_United Nations Population Division","Thousand","8267",""
"United Republic of Tanzania","Total","2011","UN_United Nations Population Division","Thousand","46218",""
"United Republic of Tanzania","Total 10-19 yr","2011","UN_United Nations Population Division","Thousand","10475",""
"United Republic of Tanzania","Total 10-19 yr","2011","UN_United Nations Population Division","Percent","23",""
"United States","Total <18 yr","2011","UN_United Nations Population Division","Thousand","75491",""
"United States","Total <5 yr","2011","UN_United Nations Population Division","Thousand","21629",""
"United States","Total","2011","UN_United Nations Population Division","Thousand","313085",""
"United States","Total 10-19 yr","2011","UN_United Nations Population Division","Thousand","41478",""
"United States","Total 10-19 yr","2011","UN_United Nations Population Division","Percent","13",""
"Uruguay","Total <18 yr","2011","UN_United Nations Population Division","Thousand","912",""
"Uruguay","Total <5 yr","2011","UN_United Nations Population Division","Thousand","245",""
"Uruguay","Total","2011","UN_United Nations Population Division","Thousand","3380",""
"Uruguay","Total 10-19 yr","2011","UN_United Nations Population Division","Thousand","524",""
"Uruguay","Total 10-19 yr","2011","UN_United Nations Population Division","Percent","15",""
"Uzbekistan","Total <18 yr","2011","UN_United Nations Population Division","Thousand","9849",""
"Uzbekistan","Total <5 yr","2011","UN_United Nations Population Division","Thousand","2802",""
"Uzbekistan","Total","2011","UN_United Nations Population Division","Thousand","27760",""
"Uzbekistan","Total 10-19 yr","2011","UN_United Nations Population Division","Thousand","5798",""
"Uzbekistan","Total 10-19 yr","2011","UN_United Nations Population Division","Percent","21",""
"Vanuatu","Total <18 yr","2011","UN_United Nations Population Division","Thousand","109",""
"Vanuatu","Total <5 yr","2011","UN_United Nations Population Division","Thousand","34",""
"Vanuatu","Total","2011","UN_United Nations Population Division","Thousand","246",""
"Vanuatu","Total 10-19 yr","2011","UN_United Nations Population Division","Thousand","54",""
"Vanuatu","Total 10-19 yr","2011","UN_United Nations Population Division","Percent","22",""
"Venezuela (Bolivarian Republic of)","Total <18 yr","2011","UN_United Nations Population Division","Thousand","10215",""
"Venezuela (Bolivarian Republic of)","Total <5 yr","2011","UN_United Nations Population Division","Thousand","2935",""
"Venezuela (Bolivarian Republic of)","Total","2011","UN_United Nations Population Division","Thousand","29437",""
"Venezuela (Bolivarian Republic of)","Total 10-19 yr","2011","UN_United Nations Population Division","Thousand","5499",""
"Venezuela (Bolivarian Republic of)","Total 10-19 yr","2011","UN_United Nations Population Division","Percent","19",""
"Viet Nam","Total <18 yr","2011","UN_United Nations Population Division","Thousand","25532",""
"Viet Nam","Total <5 yr","2011","UN_United Nations Population Division","Thousand","7202",""
"Viet Nam","Total","2011","UN_United Nations Population Division","Thousand","88792",""
"Viet Nam","Total 10-19 yr","2011","UN_United Nations Population Division","Thousand","15251",""
"Viet Nam","Total 10-19 yr","2011","UN_United Nations Population Division","Percent","17",""
"Western and Central Africa","Total <18 yr","2011","UN_United Nations Population Division","Thousand","210616","1"
"Western and Central Africa","Total <5 yr","2011","UN_United Nations Population Division","Thousand","70843","1"
"Western and Central Africa","Total","2011","UN_United Nations Population Division","Thousand","422564","1"
"Western and Central Africa","Total 10-19 yr","2011","UN_United Nations Population Division","Thousand","96530","1"
"Western and Central Africa","Total 10-19 yr","2011","UN_United Nations Population Division","Percent","23","1"
"World","Total <18 yr","2011","UN_United Nations Population Division","Thousand","2207145","1"
"World","Total <5 yr","2011","UN_United Nations Population Division","Thousand","638681","1"
"World","Total","2011","UN_United Nations Population Division","Thousand","6934761","1"
"World","Total 10-19 yr","2011","UN_United Nations Population Division","Thousand","1199890","1"
"World","Total 10-19 yr","2011","UN_United Nations Population Division","Percent","17","1"
"Yemen","Total <18 yr","2011","UN_United Nations Population Division","Thousand","12687",""
"Yemen","Total <5 yr","2011","UN_United Nations Population Division","Thousand","4179",""
"Yemen","Total","2011","UN_United Nations Population Division","Thousand","24800",""
"Yemen","Total 10-19 yr","2011","UN_United Nations Population Division","Thousand","6073",""
"Yemen","Total 10-19 yr","2011","UN_United Nations Population Division","Percent","25",""
"Zambia","Total <18 yr","2011","UN_United Nations Population Division","Thousand","7169",""
"Zambia","Total <5 yr","2011","UN_United Nations Population Division","Thousand","2509",""
"Zambia","Total","2011","UN_United Nations Population Division","Thousand","13475",""
"Zambia","Total 10-19 yr","2011","UN_United Nations Population Division","Thousand","3176",""
"Zambia","Total 10-19 yr","2011","UN_United Nations Population Division","Percent","24",""
"Zimbabwe","Total <18 yr","2011","UN_United Nations Population Division","Thousand","5841",""
"Zimbabwe","Total <5 yr","2011","UN_United Nations Population Division","Thousand","1706",""
"Zimbabwe","Total","2011","UN_United Nations Population Division","Thousand","12754",""
"Zimbabwe","Total 10-19 yr","2011","UN_United Nations Population Division","Thousand","3196",""
"Zimbabwe","Total 10-19 yr","2011","UN_United Nations Population Division","Percent","25",""

"fnSeqID","Footnote"
"1","For a complete list of countries and territories in the regions, subregions and country categories, see page XX."
"2","Due to the cession in July 2011 of the Republic of South Sudan by the Republic of the Sudan, and its subsequent admission to the UN on 14 July 2011, disaggregated data for Sudan and South Sudan as separate States are not yet available for all indicators. In these cases, aggregated data are presented for Sudan pre-cession (see Memorandum item)."
